id|pname|quantity
1|Quis PC|10
2|Fusce Mollis Industries|8
3|Libero Integer Institute|5
4|Luctus Ltd|8
5|At Limited|10
6|Rutrum Industries|9
7|Eu Nibh PC|6
8|Eu Euismod Incorporated|2
9|Augue LLC|4
10|Nec Mollis Vitae Corp.|1
11|Eu Arcu Incorporated|9
12|Amet Corp.|2
13|Aliquet Ltd|4
14|Augue PC|2
15|At Nisi Cum Industries|2
16|Amet Industries|9
17|Iaculis Limited|5
18|Dolor Sit Associates|9
19|Pellentesque Habitant Morbi Associates|3
20|Eu Company|9
21|Semper LLP|6
22|Pede Praesent Eu Industries|6
23|Non Quam Industries|7
24|Quis Consulting|3
25|Luctus Felis Ltd|6
26|Convallis Company|4
27|Orci Luctus Et Incorporated|7
28|Varius Industries|5
29|Lacinia Orci Consectetuer LLC|5
30|Vel Convallis Foundation|4
31|Cras Dictum Ultricies Industries|6
32|Mus Proin Institute|8
33|Neque Ltd|4
34|Euismod Urna Nullam Limited|3
35|Nulla Foundation|4
36|Aliquet Magna Ltd|3
37|Accumsan Interdum Libero Corp.|10
38|Malesuada Id Erat Ltd|7
39|Consequat Auctor Inc.|1
40|Morbi Tristique Senectus Associates|10
41|Nisi Nibh Lacinia PC|9
42|Eu Dui Cum Corporation|4
43|Ornare LLC|1
44|Aliquet Associates|6
45|Dis Incorporated|8
46|Fringilla Mi Lacinia PC|4
47|Eu Euismod Ac PC|6
48|Ornare Associates|4
49|Metus Aliquam Consulting|4
50|Nunc Pulvinar Arcu Corp.|10
51|Mollis Dui Corp.|8
52|Nunc Quis Arcu Ltd|5
53|Nunc Ltd|4
54|At Nisi Cum Corp.|2
55|Erat Nonummy Corporation|10
56|A Purus Duis Ltd|7
57|In Corporation|8
58|Eget Volutpat Ornare Corp.|10
59|Molestie Dapibus Ligula Inc.|6
60|Malesuada Augue Corp.|1
61|Risus Donec Nibh Inc.|8
62|Rhoncus Id Mollis Ltd|7
63|Enim LLC|3
64|Morbi Vehicula Ltd|5
65|Adipiscing Ltd|1
66|Urna Company|8
67|Laoreet Ipsum Corp.|1
68|In Magna Corporation|4
69|Cum Sociis Natoque Industries|9
70|Semper Egestas Urna Ltd|4
71|Ante Dictum Cursus LLC|2
72|Dui Suspendisse Industries|10
73|Nullam Ltd|5
74|Penatibus Et Limited|3
75|Dolor Vitae Dolor LLP|7
76|Sollicitudin Inc.|4
77|Porttitor Tellus Non Consulting|9
78|Dapibus Ligula Inc.|10
79|Ut Associates|8
80|Nulla Aliquet Consulting|4
81|Pede Suspendisse Dui Company|5
82|Auctor Consulting|8
83|Urna Justo Faucibus Consulting|10
84|Tristique LLC|6
85|Ipsum Incorporated|8
86|Ante Ltd|9
87|Eros Ltd|7
88|Amet Ltd|1
89|Sodales Ltd|6
90|Quis Consulting|4
91|Malesuada Integer Id Institute|10
92|Vivamus Rhoncus Incorporated|5
93|Vulputate Velit LLP|2
94|At Corp.|3
95|Ac Libero Corporation|6
96|Eu Erat Semper PC|2
97|Quisque Ltd|5
98|Curabitur Egestas Inc.|10
99|Dolor Vitae Dolor Consulting|1
100|Ipsum Sodales Foundation|4